{
  "openapi": "3.0.3",
  "info": {
    "title": "SCV2 Case Event",
    "version": "0.0.1"
  },
  "paths": {
    "/case": {
      "post": {
        "requestBody": {
          "content": {
            "application/json": {
              "schema": {
                "type": "object",
                "properties": {
                  "id": {
                    "type": "string"
                  },
                  "type": {
                    "type": "string"
                  },
                  "data": {
                    "type": "object",
                    "properties": {
                      "currentImage": {
                        "type": "object",
                        "properties": {
                          "id": {
                            "type": "string"
                          },
                          "displayId": {
                            "type": "string"
                          },
                          "subject": {
                            "type": "string"
                          },
                          "origin": {
                            "type": "string"
                          },
                          "priority": {
                            "type": "string"
                          },
                          "caseType": {
                            "type": "string"
                          },
                          "status": {
                            "type": "string"
                          },
                          "escalationStatus": {
                            "type": "string"
                          },
                          "lifecycleStatus": {
                            "type": "string"
                          },
                          "isDepersonalized": {
                            "type": "boolean"
                          },
                          "isIrrelevant": {
                            "type": "boolean"
                          },
                          "account": {
                            "type": "object",
                            "properties": {
                              "id": {
                                "type": "string"
                              },
                              "displayId": {
                                "type": "string"
                              }
                            }
                          },
                          "individualCustomer": {
                            "type": "object",
                            "properties": {
                              "id": {
                                "type": "string"
                              },
                              "displayId": {
                                "type": "string"
                              }
                            }
                          },
                          "employee": {
                            "type": "object",
                            "properties": {
                              "id": {
                                "type": "string"
                              },
                              "displayId": {
                                "type": "string"
                              }
                            }
                          },
                          "reporter": {
                            "type": "object",
                            "properties": {
                              "id": {
                                "type": "string"
                              },
                              "displayId": {
                                "type": "string"
                              }
                            }
                          },
                          "processor": {
                            "type": "object",
                            "properties": {
                              "id": {
                                "type": "string"
                              },
                              "displayId": {
                                "type": "string"
                              }
                            }
                          },
                          "serviceTeam": {
                            "type": "object",
                            "properties": {
                              "id": {
                                "type": "string"
                              },
                              "displayId": {
                                "type": "string"
                              }
                            }
                          },
                          "serviceOrganization": {
                            "type": "object",
                            "properties": {
                              "id": {
                                "type": "string"
                              },
                              "displayId": {
                                "type": "string"
                              }
                            }
                          },
                          "company": {
                            "type": "object",
                            "properties": {
                              "id": {
                                "type": "string"
                              }
                            }
                          },
                          "approvers": {
                            "type": "array",
                            "items": {
                              "type": "object",
                              "properties": {
                                "id": {
                                  "type": "string"
                                },
                                "displayId": {
                                  "type": "string"
                                }
                              }
                            }
                          },
                          "registeredProducts": {
                            "type": "array",
                            "items": {
                              "type": "object",
                              "properties": {
                                "id": {
                                  "type": "string"
                                },
                                "isMain": {
                                  "type": "boolean"
                                }
                              }
                            }
                          },
                          "catalog": {
                            "type": "object",
                            "properties": {
                              "id": {
                                "type": "string"
                              }
                            }
                          },
                          "categoryLevel1": {
                            "type": "object",
                            "properties": {
                              "id": {
                                "type": "string"
                              },
                              "displayId": {
                                "type": "string"
                              }
                            }
                          },
                          "categoryLevel2": {
                            "type": "object",
                            "properties": {
                              "id": {
                                "type": "string"
                              },
                              "displayId": {
                                "type": "string"
                              }
                            }
                          },
                          "categoryLevel3": {
                            "type": "object",
                            "properties": {
                              "id": {
                                "type": "string"
                              },
                              "displayId": {
                                "type": "string"
                              }
                            }
                          },
                          "categoryLevel4": {
                            "type": "object",
                            "properties": {
                              "id": {
                                "type": "string"
                              },
                              "displayId": {
                                "type": "string"
                              }
                            }
                          },
                          "adminData": {
                            "type": "object",
                            "properties": {
                              "createdOn": {
                                "type": "string"
                              },
                              "updatedOn": {
                                "type": "string"
                              }
                            }
                          },
                          "timePoints": {
                            "type": "object",
                            "properties": {
                              "reportedOn": {
                                "type": "string"
                              },
                              "escalatedOn": {
                                "type": "string"
                              },
                              "completedOn": {
                                "type": "string"
                              },
                              "completionDueOn": {
                                "type": "string"
                              },
                              "assignedToCustomerOn": {
                                "type": "string"
                              },
                              "initialReviewDueOn": {
                                "type": "string"
                              },
                              "initialReviewCompletedOn": {
                                "type": "string"
                              },
                              "resolutionDueOn": {
                                "type": "string"
                              },
                              "responseDueOn": {
                                "type": "string"
                              },
                              "assignedToProcessorOn": {
                                "type": "string"
                              },
                              "closedOn": {
                                "type": "string"
                              },
                              "lastCustomerInteractionOn": {
                                "type": "string"
                              },
                              "lastAgentInteractionOn": {
                                "type": "string"
                              },
                              "responseCompletedOn": {
                                "type": "string"
                              }
                            }
                          }
                        }
                      }
                    }
                  }
                }
              }
            }
          }
        },
        "responses": {
          "200": {
            "description": "Successful"
          },
          "400": {
            "description": "Bad Request"
          }
        }
      }
    }
  }
}