{
    "openapi": "3.0.3",
    "info": {
      "title": "SCV2 Event - E-Mail Interaction",
      "version": "1.0.0"
    },
    "paths": {
      "/email-interaction": {
        "post": {
          "requestBody": {
            "content": {
              "application/json": {
                "schema": {
                  "type": "object",
                  "properties": {
                    "id": {
                      "type": "string"
                    },
                    "type": {
                      "type": "string"
                    },
                    "data": {
                      "type": "object",
                      "properties": {
                        "currentImage": {
                          "type": "object",
                          "properties": {
                            "id": {
                              "type": "string"
                            },
                            "direction": {
                              "type": "string"
                            },
                            "sentiment": {
                              "type": "string"
                            },
                            "subject": {
                              "type": "string"
                            },
                            "from": {
                                "type": "string"
                            },
                            "channel": {
                                "type": "string"
                            },
                            "adminData": {
                                "type": "object",
                                "properties": {
                                    "createdOn": {
                                        "type": "string"
                                    }
                                }
                            }
                          }
                        }
                      }
                    }
                  }
                }
              }
            }
          },
          "responses": {
            "200": {
              "description": "Successful"
            },
            "400": {
              "description": "Bad Request"
            }
          }
        }
      }
    }
  }