{
  "openapi": "3.0.3",
  "info": {
    "title": "SCV2 Employee Event",
    "version": "0.0.1"
  },
  "paths": {
    "/employee": {
      "post": {
        "requestBody": {
          "content": {
            "application/json": {
              "schema": {
                "type": "object",
                "properties": {
                  "id": {
                    "type": "string"
                  },
                  "type": {
                    "type": "string"
                  },
                  "data": {
                    "type": "object",
                    "properties": {
                      "currentImage": {
                        "type": "object",
                        "properties": {
                          "id": {
                            "type": "string"
                          },
                          "displayId": {
                            "type": "string"
                          },
                          "employeeDisplayId": {
                            "type": "string"
                          },
                          "defaultExternalBusinessPartnerId": {
                            "type": "string"
                          },
                          "defaultExternalEmployeeId": {
                            "type": "string"
                          },
                          "formattedName": {
                            "type": "string"
                          },
                          "isInternalEmployee": {
                            "type": "boolean"
                          },
                          "formOfAddress": {
                            "type": "string"
                          },
                          "academicTitle": {
                            "type": "string"
                          },
                          "givenName": {
                            "type": "string"
                          },
                          "middleName": {
                            "type": "string"
                          },
                          "familyName": {
                            "type": "string"
                          },
                          "additionalFamilyName": {
                            "type": "string"
                          },
                          "birthDate": {
                            "type": "string"
                          },
                          "nationalityCountry": {
                            "type": "string"
                          },
                          "maritalStatus": {
                            "type": "string"
                          },
                          "gender": {
                            "type": "string"
                          },
                          "nonVerbalCommunicationLanguage": {
                            "type": "string"
                          },
                          "organizationalUnitId": {
                            "type": "string"
                          },
                          "managerId": {
                            "type": "string"
                          },
                          "workplaceAddress": {
                            "type": "object",
                            "properties": {
                              "streetName": {
                                "type": "string"
                              },
                              "houseId": {
                                "type": "string"
                              },
                              "cityName": {
                                "type": "string"
                              },
                              "postalCode": {
                                "type": "string"
                              },
                              "country": {
                                "type": "string"
                              },
                              "districtName": {
                                "type": "string"
                              },
                              "streetPrefixName": {
                                "type": "string"
                              },
                              "additionalStreetPrefixName": {
                                "type": "string"
                              },
                              "streetSuffixName": {
                                "type": "string"
                              },
                              "additionalStreetSuffixName": {
                                "type": "string"
                              },
                              "latitudeMeasure": {
                                "type": "string"
                              },
                              "longitudeMeasure": {
                                "type": "string"
                              },
                              "buildingId": {
                                "type": "string"
                              },
                              "floorId": {
                                "type": "string"
                              },
                              "roomId": {
                                "type": "string"
                              },
                              "phoneFormattedNumber": {
                                "type": "string"
                              },
                              "mobileFormattedNumber": {
                                "type": "string"
                              },
                              "eMail": {
                                "type": "string"
                              },
                              "formattedPostalAddressDescription": {
                                "type": "string"
                              }
                            }
                          },
                          "adminData": {
                            "type": "object",
                            "properties": {
                              "createdOn": {
                                "type": "string"
                              },
                              "createdBy": {
                                "type": "string"
                              },
                              "updatedOn": {
                                "type": "string"
                              },
                              "updatedBy": {
                                "type": "string"
                              }
                            }
                          }
                        }
                      }
                    }
                  }
                }
              }
            }
          }
        },
        "responses": {
          "200": {
            "description": "Successful"
          },
          "400": {
            "description": "Bad Request"
          }
        }
      }
    }
  }
}