{
  "openapi": "3.0.3",
  "info": {
    "title": "SCV2 Individual Customer Event",
    "version": "0.0.1"
  },
  "paths": {
    "/individual_customer": {
      "post": {
        "requestBody": {
          "content": {
            "application/json": {
              "schema": {
                "type": "object",
                "properties": {
                  "id": {
                    "type": "string"
                  },
                  "type": {
                    "type": "string"
                  },
                  "data": {
                    "type": "object",
                    "properties": {
                      "currentImage": {
                        "type": "object",
                        "properties": {
                          "id": {
                            "type": "string"
                          },
                          "displayId": {
                            "type": "string"
                          },
                          "formattedName": {
                            "type": "string"
                          },
                          "customerRole": {
                            "type": "string"
                          },
                          "customerABCClassification": {
                            "type": "string"
                          },
                          "lifeCycleStatus": {
                            "type": "string"
                          },
                          "birthDate": {
                            "type": "string"
                          },
                          "nonVerbalCommunicationLanguage": {
                            "type": "string"
                          },
                          "nationalityCountry": {
                            "type": "string"
                          },
                          "gender": {
                            "type": "string"
                          },
                          "formOfAddress": {
                            "type": "string"
                          },
                          "academicTitle": {
                            "type": "string"
                          },
                          "givenName": {
                            "type": "string"
                          },
                          "middleName": {
                            "type": "string"
                          },
                          "familyName": {
                            "type": "string"
                          },
                          "contactAllowed": {
                            "type": "string"
                          },
                          "owner": {
                            "type": "object",
                            "properties": {
                              "id": {
                                "type": "string"
                              },
                              "displayId": {
                                "type": "string"
                              }
                            }
                          },
                          "defaultExternalBusinessPartner": {
                            "type": "object",
                            "properties": {
                              "id": {
                                "type": "string"
                              },
                              "displayId": {
                                "type": "string"
                              }
                            }
                          },
                          "defaultExternalCustomer": {
                            "type": "object",
                            "properties": {
                              "id": {
                                "type": "string"
                              },
                              "displayId": {
                                "type": "string"
                              }
                            }
                          },
                          "country": {
                            "type": "string"
                          },
                          "cityName": {
                            "type": "string"
                          },
                          "streetName": {
                            "type": "string"
                          },
                          "houseId": {
                            "type": "string"
                          },
                          "countyName": {
                            "type": "string"
                          },
                          "districtName": {
                            "type": "string"
                          },
                          "streetPrefixName": {
                            "type": "string"
                          },
                          "additionalStreetPrefixName": {
                            "type": "string"
                          },
                          "streetSuffixName": {
                            "type": "string"
                          },
                          "additionalStreetSuffixName": {
                            "type": "string"
                          },
                          "latitudeMeasure": {
                            "type": "number"
                          },
                          "longitudeMeasure": {
                            "type": "number"
                          },
                          "preferredCommunicationMediumType": {
                            "type": "string"
                          },
                          "formattedPostalAddressDescription": {
                            "type": "string"
                          },
                          "eMail": {
                            "type": "string"
                          },
                          "web": {
                            "type": "string"
                          },
                          "facsimileFormattedNumber": {
                            "type": "string"
                          },
                          "phoneFormattedNumber": {
                            "type": "string"
                          },
                          "phoneNormalisedNumber": {
                            "type": "string"
                          },
                          "mobileFormattedNumber": {
                            "type": "string"
                          },
                          "mobileNormalisedNumber": {
                            "type": "string"
                          },
                          "adminData": {
                            "type": "object",
                            "properties": {
                              "createdOn": {
                                "type": "string"
                              },
                              "createdBy": {
                                "type": "string"
                              },
                              "updatedOn": {
                                "type": "string"
                              },
                              "updatedBy": {
                                "type": "string"
                              }
                            }
                          }
                        }
                      }
                    }
                  }
                }
              }
            }
          }
        },
        "responses": {
          "200": {
            "description": "Successful"
          },
          "400": {
            "description": "Bad Request"
          }
        }
      }
    }
  }
}