{
    "openapi": "3.0.3",
    "info": {
      "title": "SCV2 Event - Phone Call",
      "version": "1.0.0"
    },
    "paths": {
      "/phone-call": {
        "post": {
          "requestBody": {
            "content": {
              "application/json": {
                "schema": {
                  "type": "object",
                  "properties": {
                    "id": {
                      "type": "string"
                    },
                    "type": {
                      "type": "string"
                    },
                    "data": {
                      "type": "object",
                      "properties": {
                        "currentImage": {
                          "type": "object",
                          "properties": {
                            "id": {
                              "type": "string"
                            },
                            "displayId": {
                              "type": "string"
                            },
                            "subject": {
                              "type": "string"
                            },
                            "direction": {
                              "type": "string"
                            },
                            "startDateTime": {
                              "type": "string"
                            },
                            "endDateTime": {
                              "type": "string"
                            },
                            "account": {
                              "type": "object",
                              "properties": {
                                "id": {
                                  "type": "string"
                                }
                              }
                            },
                            "individualCustomer": {
                              "type": "object",
                              "properties": {
                                "id": {
                                  "type": "string"
                                }
                              }
                            },
                            "employee": {
                              "type": "object",
                              "properties": {
                                "id": {
                                  "type": "string"
                                }
                              }
                            },
                            "owner": {
                                "type": "object",
                                "properties": {
                                    "id": {
                                        "type": "string"
                                    }
                                }
                            },
                            "organizationalUnit": {
                                "type": "object",
                                "properties": {
                                  "id": {
                                    "type": "string"
                                  }
                                }
                            },
                            "categoryLevel1": {
                              "type": "object",
                              "properties": {
                                "id": {
                                  "type": "string"
                                }
                              }
                            },
                            "categoryLevel2": {
                              "type": "object",
                              "properties": {
                                "id": {
                                  "type": "string"
                                }
                              }
                            },
                            "categoryLevel3": {
                              "type": "object",
                              "properties": {
                                "id": {
                                  "type": "string"
                                }
                              }
                            },
                            "categoryLevel4": {
                              "type": "object",
                              "properties": {
                                "id": {
                                  "type": "string"
                                }
                              }
                            },
                            "callResult": {
                                "type": "string"
                            },
                            "callBackOn": {
                                "type": "string"
                            },
                            "callAttachedData1": {
                                "type": "string"
                            },
                            "callAttachedData2": {
                                "type": "string"
                            },
                            "callAttachedData3": {
                                "type": "string"
                            },
                            "callAttachedData4": {
                                "type": "string"
                            },
                            "externalIdDisplayId": {
                              "type": "string"
                            },
                            "phoneNumber": {
                              "type": "string"
                            },
                            "adminData": {
                                "type": "object",
                                "properties": {
                                    "createdOn": {
                                        "type": "string"
                                    },
                                    "createdBy": {
                                        "type": "string"
                                    },
                                    "updatedOn": {
                                        "type": "string"
                                    },
                                    "updatedBy": {
                                        "type": "string"
                                    }
                                }
                            }                            
                          }
                        }
                      }
                    }
                  }
                }
              }
            }
          },
          "responses": {
            "200": {
              "description": "Successful"
            },
            "400": {
              "description": "Bad Request"
            }
          }
        }
      }
    }
  }