{
  "openapi": "3.0.3",
  "info": {
    "title": "SCV2 Event - Registered Product",
    "version": "1.0.0"
  },
  "paths": {
    "/registered-product": {
      "post": {
        "requestBody": {
          "content": {
            "application/json": {
              "schema": {
                "type": "object",
                "properties": {
                  "id": {
                    "type": "string"
                  },
                  "type": {
                    "type": "string"
                  },
                  "data": {
                    "type": "object",
                    "properties": {
                      "currentImage": {
                        "type": "object",
                        "properties": {
                          "id": {
                            "type": "string"
                          },
                          "displayId": {
                            "type": "string"
                          },
                          "serialId": {
                            "type": "string"
                          },
                          "referenceProduct": {
                            "type": "object",
                            "properties": {
                              "id": {
                                "type": "string"
                              }
                            }
                          },
                          "account": {
                            "type": "object",
                            "properties": {
                              "id": {
                                "type": "string"
                              }
                            }
                          },
                          "individualCustomer": {
                            "type": "object",
                            "properties": {
                              "id": {
                                "type": "string"
                              }
                            }
                          }
                        }
                      }
                    }
                  }
                }
              }
            }
          }
        },
        "responses": {
          "200": {
            "description": "Successful"
          },
          "400": {
            "description": "Bad Request"
          }
        }
      }
    }
  }
}